Red, Orange, Yellow, Green, Cyan, Blue
-0.122771,-0.160509,-0.198625,-0.288533,-0.332106,-6.89396
